Workbook

Sheet Tournament
A1: key | B1: en | C1: es | D1: it | E1: fr | F1: de | G1: nl | H1: ja | I1: fa
A2: competition-key | B2: mens-copa-america
A3: host-key | B3: usa
A4: name | B4: Copa América | H4: コパ・アメリカ | I4: کوپا آمریکا
A5: location | B5: USA | C5: EE.UU | D5: USA | E5: USA | F5: USA | G5: VS | H5: 米国 | I5: آمریکا
A6: timezone | B6: America/New_York
A7: venue.1 | B7: Atlanta, GA | C7: Atlanta, Georgia | D7: Atlanta, GA | E7: Atlanta, Géorgie | F7: Atlanta, GA | G7: Atlanta, GA | H7: ジョージア州アトランタ | I7: آتلانتا، GA
A8: venue.2 | B8: Arlington, TX | C8: Arlington, Texas | D8: Arlington, Texas | E8: Arlington, Texas | F8: Arlington, TX | G8: Arlington, Texas | H8: テキサス州アーリントン | I8: آرلینگتون، تگزاس
A9: venue.3 | B9: Santa Clara, CA | C9: Santa Clara, California | D9: Santa Clara, California | E9: Santa Clara, Californie | F9: Santa Clara, Kalifornien | G9: Santa Clara, Californië | H9: カリフォルニア州サンタクララ | I9: سانتا کلارا، کالیفرنیا
A10: venue.4 | B10: Houston, TX | C10: Houston, TX | D10: Houston, Texas | E10: Houston, TX | F10: Houston, Texas | G10: Houston, Texas | H10: テキサス州ヒューストン | I10: هیوستون، تگزاس
A11: venue.5 | B11: Miami, FL | C11: Miami, Florida | D11: Miami, Florida | E11: Miami, Floride | F11: Miami, Florida | G11: Miami, FL | H11: フロリダ州マイアミ | I11: میامی، فلوریدا
A12: venue.6 | B12: Inglewood, CA | C12: Inglewood, California | D12: Inglewood, California | E12: Inglewood, Californie | F12: Inglewood, Kalifornien | G12: Inglewood, CA | H12: カリフォルニア州イングルウッド | I12: اینگلوود، کالیفرنیا
A13: venue.7 | B13: Kansas City, KS | C13: Kansas City, Kansas | D13: Kansas City, Kansas | E13: Kansas City, Kansas | F13: Kansas City, KS | G13: Kansas City, Kansas | H13: カンザス州カンザスシティ | I13: کانزاس سیتی، KS
A14: venue.8 | B14: East Rutherford, NJ | C14: East Rutherford, Nueva Jersey | D14: East Rutherford, New Jersey | E14: East Rutherford, New Jersey | F14: East Rutherford, NJ | G14: Oost-Rutherford, NJ | H14: ニュージャージー州イーストラザフォード | I14: ایست رادرفورد، نیوجرسی
A15: venue.9 | B15: Las Vegas, NV | C15: Las Vegas, Nevada | D15: Las Vegas, Nevada | E15: Las Vegas, Nevada | F15: Las Vegas, NV | G15: Las Vegas, NV | H15: ネバダ州ラスベガス | I15: لاس وگاس، NV
A16: venue.10 | B16: Glendale, AZ | C16: Glendale, Arizona | D16: Glendale, Arizona | E16: Glendale, Arizona | F16: Glendale, AZ | G16: Glendale, AZ | H16: アリゾナ州グレンデール | I16: گلندیل، AZ
A17: venue.11 | B17: Orlando, FL | C17: Orlando, Florida | D17: Orlando, Florida | E17: Orlando, Floride | F17: Orlando, FL | G17: Orlando, FL | H17: フロリダ州オーランド | I17: اورلاندو، فلوریدا
A18: venue.12 | B18: Austin, TX | C18: Austin, Texas | D18: Austin, Texas | E18: Austin, Texas | F18: Austin, TX | G18: Austin, Texas | H18: テキサス州オースティン | I18: آستین، تگزاس
... A20: venue.14 | B20: Charlotte, NC | C20: Charlotte, NC | D20: Charlotte, Carolina del Nord | E20: Charlotte, Caroline du Nord | F20: Charlotte, NC | G20: Charlotte, NC | H20: ノースカロライナ州シャーロット | I20: شارلوت، NC
A21: venue-key.1 | B21: us-atlanta-ga
A22: venue-key.2 | B22: us-arlington-tx
A23: venue-key.3 | B23: us-santa-clara-ca
A24: venue-key.4 | B24: us-houston-tx
A25: venue-key.5 | B25: us-miami-fl
A26: venue-key.6 | B26: us-inglewood-ca
A27: venue-key.7 | B27: us-kansas-city-ks
A28: venue-key.8 | B28: us-east-rutherford-nj
A29: venue-key.9 | B29: us-las-vegas-nv
A30: venue-key.10 | B30: us-glendale-az
A31: venue-key.11 | B31: us-orlando-fl
A32: venue-key.12 | B32: us-austin-tx
... A34: venue-key.14 | B34: us-charlotte-nc

Sheet Matches
A1: match | B1: home-seed | C1: away-seed | D1: time | E1: venue | F1: home-team | G1: away-team | H1: home-score | I1: away-score | J1: home-tiebreaker | K1: away-tiebreaker
A2: 1 | B2: A1 | C2: A4 | D2: 45464 | E2: 1 | F2: =INDEX(seeds[team],MATCH(matches[[#This Row],[home-seed]],seeds[seed],0)) -> ARG | G2: =INDEX(seeds[team],MATCH(matches[[#This Row],[away-seed]],seeds[seed],0)) -> CAN | H2: 2 | I2: 0
A3: 2 | B3: A2 | C3: A3 | D3: 45465 | E3: 2 | F3: =INDEX(seeds[team],MATCH(matches[[#This Row],[home-seed]],seeds[seed],0)) -> PER | G3: =INDEX(seeds[team],MATCH(matches[[#This Row],[away-seed]],seeds[seed],0)) -> CHI | H3: 0 | I3: 0
A4: 3 | B4: B1 | C4: B4 | D4: 45466.042 | E4: 4 | F4: =INDEX(seeds[team],MATCH(matches[[#This Row],[home-seed]],seeds[seed],0)) -> MEX | G4: =INDEX(seeds[team],MATCH(matches[[#This Row],[away-seed]],seeds[seed],0)) -> JAM | H4: 1 | I4: 0
A5: 4 | B5: B2 | C5: B3 | D5: 45465.917 | E5: 3 | F5: =INDEX(seeds[team],MATCH(matches[[#This Row],[home-seed]],seeds[seed],0)) -> ECU | G5: =INDEX(seeds[team],MATCH(matches[[#This Row],[away-seed]],seeds[seed],0)) -> VEN | H5: 1 | I5: 2
A6: 5 | B6: C1 | C6: C4 | D6: 45466.917 | E6: 2 | F6: =INDEX(seeds[team],MATCH(matches[[#This Row],[home-seed]],seeds[seed],0)) -> USA | G6: =INDEX(seeds[team],MATCH(matches[[#This Row],[away-seed]],seeds[seed],0)) -> BOL | H6: 2 | I6: 0
A7: 6 | B7: C2 | C7: C3 | D7: 45467.042 | E7: 5 | F7: =INDEX(seeds[team],MATCH(matches[[#This Row],[home-seed]],seeds[seed],0)) -> URU | G7: =INDEX(seeds[team],MATCH(matches[[#This Row],[away-seed]],seeds[seed],0)) -> PAN | H7: 3 | I7: 1
A8: 7 | B8: D1 | C8: D4 | D8: 45468.042 | E8: 6 | F8: =INDEX(seeds[team],MATCH(matches[[#This Row],[home-seed]],seeds[seed],0)) -> BRA | G8: =INDEX(seeds[team],MATCH(matches[[#This Row],[away-seed]],seeds[seed],0)) -> CRC | H8: 0 | I8: 0
A9: 8 | B9: D2 | C9: D3 | D9: 45467.917 | E9: 4 | F9: =INDEX(seeds[team],MATCH(matches[[#This Row],[home-seed]],seeds[seed],0)) -> COL | G9: =INDEX(seeds[team],MATCH(matches[[#This Row],[away-seed]],seeds[seed],0)) -> PAR | H9: 2 | I9: 1
A10: 9 | B10: A3 | C10: A1 | D10: 45469.042 | E10: 8 | F10: =INDEX(seeds[team],MATCH(matches[[#This Row],[home-seed]],seeds[seed],0)) -> CHI | G10: =INDEX(seeds[team],MATCH(matches[[#This Row],[away-seed]],seeds[seed],0)) -> ARG | H10: 0 | I10: 1
A11: 10 | B11: A2 | C11: A4 | D11: 45468.917 | E11: 7 | F11: =INDEX(seeds[team],MATCH(matches[[#This Row],[home-seed]],seeds[seed],0)) -> PER | G11: =INDEX(seeds[team],MATCH(matches[[#This Row],[away-seed]],seeds[seed],0)) -> CAN | H11: 0 | I11: 1
A12: 11 | B12: B3 | C12: B1 | D12: 45470.042 | E12: 6 | F12: =INDEX(seeds[team],MATCH(matches[[#This Row],[home-seed]],seeds[seed],0)) -> VEN | G12: =INDEX(seeds[team],MATCH(matches[[#This Row],[away-seed]],seeds[seed],0)) -> MEX | H12: 1 | I12: 0
A13: 12 | B13: B2 | C13: B4 | D13: 45469.917 | E13: 9 | F13: =INDEX(seeds[team],MATCH(matches[[#This Row],[home-seed]],seeds[seed],0)) -> ECU | G13: =INDEX(seeds[team],MATCH(matches[[#This Row],[away-seed]],seeds[seed],0)) -> JAM | H13: 3 | I13: 1
... A25: 24 | B25: D4 | C25: D3 | D25: 45476.042 | E25: 12 | F25: =INDEX(seeds[team],MATCH(matches[[#This Row],[home-seed]],seeds[seed],0)) -> CRC | G25: =INDEX(seeds[team],MATCH(matches[[#This Row],[away-seed]],seeds[seed],0)) -> PAR | H25: 2 | I25: 1
A26: 25 | B26: 1A | C26: 2B | D26: 45478.042 | E26: 4 | F26: ARG | G26: ECU | H26: 1 | I26: 1 | J26: 4 | K26: 2
A27: 26 | B27: 1B | C27: 2A | D27: 45479.042 | E27: 2 | F27: VEN | G27: CAN | H27: 1 | I27: 1 | J27: 3 | K27: 4
A28: 27 | B28: 1C | C28: 2D | D28: 45480.042 | E28: 9 | F28: URU | G28: BRA | H28: 0 | I28: 0 | J28: 4 | K28: 2
A29: 28 | B29: 1D | C29: 2C | D29: 45479.917 | E29: 10 | F29: COL | G29: PAN | H29: 5 | I29: 0
A30: 29 | B30: W25 | C30: W26 | D30: 45483 | E30: 8 | F30: ARG | G30: CAN | H30: 2 | I30: 0
A31: 30 | B31: W27 | C31: W28 | D31: 45484 | E31: 14 | F31: URU | G31: COL | H31: 0 | I31: 1
A32: 31 | B32: L29 | C32: L30 | D32: 45487 | E32: 14 | F32: CAN | G32: URU | H32: 2 | I32: 2 | J32: 3 | K32: 4
A33: 32 | B33: W29 | C33: W30 | D33: 45488 | E33: 5 | F33: ARG | G33: COL | H33: 1 | I33: 0

Sheet Seeds
A1: seed | B1: team
A2: A1 | B2: ARG
A3: A2 | B3: PER
A4: A3 | B4: CHI
A5: A4 | B5: CAN
A6: B1 | B6: MEX
A7: B2 | B7: ECU
A8: B3 | B8: VEN
A9: B4 | B9: JAM
A10: C1 | B10: USA
A11: C2 | B11: URU
A12: C3 | B12: PAN
... A17: D4 | B17: CRC

Sheet Colors
A1: key | B1: en | C1: es | D1: it | E1: fr | F1: de | G1: nl | H1: ja | I1: fa | J1: notes
A2: A | B2: #b0d0ee | J2: pale blue
A3: B | B3: #fab077 | J3: pale orange
A4: C | B4: #c4e1b5 | J4: pale green
A5: D | B5: #fee289 | J5: pale yellow

Sheet #matches
A1: match | B1: group | C1: date | D1: home | E1: away | F1: location | G1: location.code | H1: location.tz | I1: home.code | J1: away.code | K1: home.seed | L1: away.seed | M1: date.utc
A2: 1 | B2: A | C2: 45463.833 | D2: Argentina | E2: Canada | F2: Atlanta, GA (Mercedes-Benz Stadium) | G2: =INDEX('#venues'!$A$2:$A$15,MATCH('#matches'!$F2,'#venues'!$B$2:$B$15,0)) -> 1 | H2: =INDEX('#venues'!$C$2:$C$15,MATCH('#matches'!$F2,'#venues'!$B$2:$B$15,0)) -> 0.16666667 | I2: =INDEX('#teams'!$A$2:$A$86,MATCH('#matches'!$D2,'#teams'!$B$2:$B$86,0)) -> arg | J2: =INDEX('#teams'!$A$2:$A$86,MATCH('#matches'!$E2,'#teams'!$B$2:$B$86,0)) -> can | K2: =INDEX('#seeds'!$A$2:$A$17,MATCH('#matches'!$I2,'#seeds'!$C$2:$C$17,0)) -> A1 | L2: =INDEX('#seeds'!$A$2:$A$17,MATCH('#matches'!$J2,'#seeds'!$C$2:$C$17,0)) -> A4 | M2: ='#matches'!$C2+'#matches'!$H2 -> 45464
A3: 2 | B3: A | C3: 45464.792 | D3: Peru | E3: Chile | F3: Arlington, TX (AT&T Stadium) | G3: =INDEX('#venues'!$A$2:$A$15,MATCH('#matches'!$F3,'#venues'!$B$2:$B$15,0)) -> 2 | H3: =INDEX('#venues'!$C$2:$C$15,MATCH('#matches'!$F3,'#venues'!$B$2:$B$15,0)) -> 0.20833333 | I3: =INDEX('#teams'!$A$2:$A$86,MATCH('#matches'!$D3,'#teams'!$B$2:$B$86,0)) -> per | J3: =INDEX('#teams'!$A$2:$A$86,MATCH('#matches'!$E3,'#teams'!$B$2:$B$86,0)) -> chi | K3: =INDEX('#seeds'!$A$2:$A$17,MATCH('#matches'!$I3,'#seeds'!$C$2:$C$17,0)) -> A2 | L3: =INDEX('#seeds'!$A$2:$A$17,MATCH('#matches'!$J3,'#seeds'!$C$2:$C$17,0)) -> A3 | M3: ='#matches'!$C3+'#matches'!$H3 -> 45465
A4: 3 | B4: B | C4: 45465.833 | D4: Mexico | E4: Jamaica | F4: Houston, TX (NRG Stadium) | G4: =INDEX('#venues'!$A$2:$A$15,MATCH('#matches'!$F4,'#venues'!$B$2:$B$15,0)) -> 4 | H4: =INDEX('#venues'!$C$2:$C$15,MATCH('#matches'!$F4,'#venues'!$B$2:$B$15,0)) -> 0.20833333 | I4: =INDEX('#teams'!$A$2:$A$86,MATCH('#matches'!$D4,'#teams'!$B$2:$B$86,0)) -> mex | J4: =INDEX('#teams'!$A$2:$A$86,MATCH('#matches'!$E4,'#teams'!$B$2:$B$86,0)) -> jam | K4: =INDEX('#seeds'!$A$2:$A$17,MATCH('#matches'!$I4,'#seeds'!$C$2:$C$17,0)) -> B1 | L4: =INDEX('#seeds'!$A$2:$A$17,MATCH('#matches'!$J4,'#seeds'!$C$2:$C$17,0)) -> B4 | M4: ='#matches'!$C4+'#matches'!$H4 -> 45466.042
A5: 4 | B5: B | C5: 45465.625 | D5: Ecuador | E5: Venezuela | F5: Santa Clara, CA (Levi's Stadium) | G5: =INDEX('#venues'!$A$2:$A$15,MATCH('#matches'!$F5,'#venues'!$B$2:$B$15,0)) -> 3 | H5: =INDEX('#venues'!$C$2:$C$15,MATCH('#matches'!$F5,'#venues'!$B$2:$B$15,0)) -> 0.29166667 | I5: =INDEX('#teams'!$A$2:$A$86,MATCH('#matches'!$D5,'#teams'!$B$2:$B$86,0)) -> ecu | J5: =INDEX('#teams'!$A$2:$A$86,MATCH('#matches'!$E5,'#teams'!$B$2:$B$86,0)) -> ven | K5: =INDEX('#seeds'!$A$2:$A$17,MATCH('#matches'!$I5,'#seeds'!$C$2:$C$17,0)) -> B2 | L5: =INDEX('#seeds'!$A$2:$A$17,MATCH('#matches'!$J5,'#seeds'!$C$2:$C$17,0)) -> B3 | M5: ='#matches'!$C5+'#matches'!$H5 -> 45465.917
A6: 5 | B6: C | C6: 45466.708 | D6: USA | E6: Bolivia | F6: Arlington, TX (AT&T Stadium) | G6: =INDEX('#venues'!$A$2:$A$15,MATCH('#matches'!$F6,'#venues'!$B$2:$B$15,0)) -> 2 | H6: =INDEX('#venues'!$C$2:$C$15,MATCH('#matches'!$F6,'#venues'!$B$2:$B$15,0)) -> 0.20833333 | I6: =INDEX('#teams'!$A$2:$A$86,MATCH('#matches'!$D6,'#teams'!$B$2:$B$86,0)) -> usa | J6: =INDEX('#teams'!$A$2:$A$86,MATCH('#matches'!$E6,'#teams'!$B$2:$B$86,0)) -> bol | K6: =INDEX('#seeds'!$A$2:$A$17,MATCH('#matches'!$I6,'#seeds'!$C$2:$C$17,0)) -> C1 | L6: =INDEX('#seeds'!$A$2:$A$17,MATCH('#matches'!$J6,'#seeds'!$C$2:$C$17,0)) -> C4 | M6: ='#matches'!$C6+'#matches'!$H6 -> 45466.917
A7: 6 | B7: C | C7: 45466.875 | D7: Uruguay | E7: Panama | F7: Miami, FL (Hard Rock Stadium) | G7: =INDEX('#venues'!$A$2:$A$15,MATCH('#matches'!$F7,'#venues'!$B$2:$B$15,0)) -> 5 | H7: =INDEX('#venues'!$C$2:$C$15,MATCH('#matches'!$F7,'#venues'!$B$2:$B$15,0)) -> 0.16666667 | I7: =INDEX('#teams'!$A$2:$A$86,MATCH('#matches'!$D7,'#teams'!$B$2:$B$86,0)) -> uru | J7: =INDEX('#teams'!$A$2:$A$86,MATCH('#matches'!$E7,'#teams'!$B$2:$B$86,0)) -> pan | K7: =INDEX('#seeds'!$A$2:$A$17,MATCH('#matches'!$I7,'#seeds'!$C$2:$C$17,0)) -> C2 | L7: =INDEX('#seeds'!$A$2:$A$17,MATCH('#matches'!$J7,'#seeds'!$C$2:$C$17,0)) -> C3 | M7: ='#matches'!$C7+'#matches'!$H7 -> 45467.042
A8: 7 | B8: D | C8: 45467.75 | D8: Brazil | E8: Costa Rica | F8: Inglewood, CA (SoFi Stadium) | G8: =INDEX('#venues'!$A$2:$A$15,MATCH('#matches'!$F8,'#venues'!$B$2:$B$15,0)) -> 6 | H8: =INDEX('#venues'!$C$2:$C$15,MATCH('#matches'!$F8,'#venues'!$B$2:$B$15,0)) -> 0.29166667 | I8: =INDEX('#teams'!$A$2:$A$86,MATCH('#matches'!$D8,'#teams'!$B$2:$B$86,0)) -> bra | J8: =INDEX('#teams'!$A$2:$A$86,MATCH('#matches'!$E8,'#teams'!$B$2:$B$86,0)) -> crc | K8: =INDEX('#seeds'!$A$2:$A$17,MATCH('#matches'!$I8,'#seeds'!$C$2:$C$17,0)) -> D1 | L8: =INDEX('#seeds'!$A$2:$A$17,MATCH('#matches'!$J8,'#seeds'!$C$2:$C$17,0)) -> D4 | M8: ='#matches'!$C8+'#matches'!$H8 -> 45468.042
A9: 8 | B9: R | C9: 45467.708 | D9: Colombia | E9: Paraguay | F9: Houston, TX (NRG Stadium) | G9: =INDEX('#venues'!$A$2:$A$15,MATCH('#matches'!$F9,'#venues'!$B$2:$B$15,0)) -> 4 | H9: =INDEX('#venues'!$C$2:$C$15,MATCH('#matches'!$F9,'#venues'!$B$2:$B$15,0)) -> 0.20833333 | I9: =INDEX('#teams'!$A$2:$A$86,MATCH('#matches'!$D9,'#teams'!$B$2:$B$86,0)) -> col | J9: =INDEX('#teams'!$A$2:$A$86,MATCH('#matches'!$E9,'#teams'!$B$2:$B$86,0)) -> par | K9: =INDEX('#seeds'!$A$2:$A$17,MATCH('#matches'!$I9,'#seeds'!$C$2:$C$17,0)) -> D2 | L9: =INDEX('#seeds'!$A$2:$A$17,MATCH('#matches'!$J9,'#seeds'!$C$2:$C$17,0)) -> D3 | M9: ='#matches'!$C9+'#matches'!$H9 -> 45467.917
A10: 9 | B10: A | C10: 45468.875 | D10: Chile | E10: Argentina | F10: East Rutherford, NJ (MetLife Stadium) | G10: =INDEX('#venues'!$A$2:$A$15,MATCH('#matches'!$F10,'#venues'!$B$2:$B$15,0)) -> 8 | H10: =INDEX('#venues'!$C$2:$C$15,MATCH('#matches'!$F10,'#venues'!$B$2:$B$15,0)) -> 0.16666667 | I10: =INDEX('#teams'!$A$2:$A$86,MATCH('#matches'!$D10,'#teams'!$B$2:$B$86,0)) -> chi | J10: =INDEX('#teams'!$A$2:$A$86,MATCH('#matches'!$E10,'#teams'!$B$2:$B$86,0)) -> arg | K10: =INDEX('#seeds'!$A$2:$A$17,MATCH('#matches'!$I10,'#seeds'!$C$2:$C$17,0)) -> A3 | L10: =INDEX('#seeds'!$A$2:$A$17,MATCH('#matches'!$J10,'#seeds'!$C$2:$C$17,0)) -> A1 | M10: ='#matches'!$C10+'#matches'!$H10 -> 45469.042
A11: 10 | B11: A | C11: 45468.708 | D11: Peru | E11: Canada | F11: Kansas City, KS (Children's Mercy Park) | G11: =INDEX('#venues'!$A$2:$A$15,MATCH('#matches'!$F11,'#venues'!$B$2:$B$15,0)) -> 7 | H11: =INDEX('#venues'!$C$2:$C$15,MATCH('#matches'!$F11,'#venues'!$B$2:$B$15,0)) -> 0.20833333 | I11: =INDEX('#teams'!$A$2:$A$86,MATCH('#matches'!$D11,'#teams'!$B$2:$B$86,0)) -> per | J11: =INDEX('#teams'!$A$2:$A$86,MATCH('#matches'!$E11,'#teams'!$B$2:$B$86,0)) -> can | K11: =INDEX('#seeds'!$A$2:$A$17,MATCH('#matches'!$I11,'#seeds'!$C$2:$C$17,0)) -> A2 | L11: =INDEX('#seeds'!$A$2:$A$17,MATCH('#matches'!$J11,'#seeds'!$C$2:$C$17,0)) -> A4 | M11: ='#matches'!$C11+'#matches'!$H11 -> 45468.917
A12: 11 | B12: B | C12: 45469.75 | D12: Venezuela | E12: Mexico | F12: Inglewood, CA (SoFi Stadium) | G12: =INDEX('#venues'!$A$2:$A$15,MATCH('#matches'!$F12,'#venues'!$B$2:$B$15,0)) -> 6 | H12: =INDEX('#venues'!$C$2:$C$15,MATCH('#matches'!$F12,'#venues'!$B$2:$B$15,0)) -> 0.29166667 | I12: =INDEX('#teams'!$A$2:$A$86,MATCH('#matches'!$D12,'#teams'!$B$2:$B$86,0)) -> ven | J12: =INDEX('#teams'!$A$2:$A$86,MATCH('#matches'!$E12,'#teams'!$B$2:$B$86,0)) -> mex | K12: =INDEX('#seeds'!$A$2:$A$17,MATCH('#matches'!$I12,'#seeds'!$C$2:$C$17,0)) -> B3 | L12: =INDEX('#seeds'!$A$2:$A$17,MATCH('#matches'!$J12,'#seeds'!$C$2:$C$17,0)) -> B1 | M12: ='#matches'!$C12+'#matches'!$H12 -> 45470.042
A13: 12 | B13: B | C13: 45469.625 | D13: Ecuador | E13: Jamaica | F13: Las Vegas, NV (Allegiant Stadium) | G13: =INDEX('#venues'!$A$2:$A$15,MATCH('#matches'!$F13,'#venues'!$B$2:$B$15,0)) -> 9 | H13: =INDEX('#venues'!$C$2:$C$15,MATCH('#matches'!$F13,'#venues'!$B$2:$B$15,0)) -> 0.29166667 | I13: =INDEX('#teams'!$A$2:$A$86,MATCH('#matches'!$D13,'#teams'!$B$2:$B$86,0)) -> ecu | J13: =INDEX('#teams'!$A$2:$A$86,MATCH('#matches'!$E13,'#teams'!$B$2:$B$86,0)) -> jam | K13: =INDEX('#seeds'!$A$2:$A$17,MATCH('#matches'!$I13,'#seeds'!$C$2:$C$17,0)) -> B2 | L13: =INDEX('#seeds'!$A$2:$A$17,MATCH('#matches'!$J13,'#seeds'!$C$2:$C$17,0)) -> B4 | M13: ='#matches'!$C13+'#matches'!$H13 -> 45469.917
... A25: 24 | B25: D | C25: 45475.833 | D25: Costa Rica | E25: Paraguay | F25: Austin, TX (Q2 Stadium) | G25: =INDEX('#venues'!$A$2:$A$15,MATCH('#matches'!$F25,'#venues'!$B$2:$B$15,0)) -> 12 | H25: =INDEX('#venues'!$C$2:$C$15,MATCH('#matches'!$F25,'#venues'!$B$2:$B$15,0)) -> 0.20833333 | I25: =INDEX('#teams'!$A$2:$A$86,MATCH('#matches'!$D25,'#teams'!$B$2:$B$86,0)) -> crc | J25: =INDEX('#teams'!$A$2:$A$86,MATCH('#matches'!$E25,'#teams'!$B$2:$B$86,0)) -> par | K25: =INDEX('#seeds'!$A$2:$A$17,MATCH('#matches'!$I25,'#seeds'!$C$2:$C$17,0)) -> D4 | L25: =INDEX('#seeds'!$A$2:$A$17,MATCH('#matches'!$J25,'#seeds'!$C$2:$C$17,0)) -> D3 | M25: ='#matches'!$C25+'#matches'!$H25 -> 45476.042
A26: 25 | B26: Quarters | C26: 45477.833 | D26: Group A Winner | E26: Group B Runner Up | F26: Houston, TX (NRG Stadium) | G26: =INDEX('#venues'!$A$2:$A$15,MATCH('#matches'!$F26,'#venues'!$B$2:$B$15,0)) -> 4 | H26: =INDEX('#venues'!$C$2:$C$15,MATCH('#matches'!$F26,'#venues'!$B$2:$B$15,0)) -> 0.20833333 | K26: 1A | L26: 2B | M26: ='#matches'!$C26+'#matches'!$H26 -> 45478.042
A27: 26 | C27: 45478.833 | D27: Group B Winner | E27: Group A Runner Up | F27: Arlington, TX (AT&T Stadium) | G27: =INDEX('#venues'!$A$2:$A$15,MATCH('#matches'!$F27,'#venues'!$B$2:$B$15,0)) -> 2 | H27: =INDEX('#venues'!$C$2:$C$15,MATCH('#matches'!$F27,'#venues'!$B$2:$B$15,0)) -> 0.20833333 | K27: 1B | L27: 2A | M27: ='#matches'!$C27+'#matches'!$H27 -> 45479.042
A28: 27 | C28: 45479.75 | D28: Group C Winner | E28: Group D Runner Up | F28: Las Vegas, NV (Allegiant Stadium) | G28: =INDEX('#venues'!$A$2:$A$15,MATCH('#matches'!$F28,'#venues'!$B$2:$B$15,0)) -> 9 | H28: =INDEX('#venues'!$C$2:$C$15,MATCH('#matches'!$F28,'#venues'!$B$2:$B$15,0)) -> 0.29166667 | K28: 1C | L28: 2D | M28: ='#matches'!$C28+'#matches'!$H28 -> 45480.042
A29: 28 | C29: 45479.625 | D29: Group D Winner | E29: Group C Runner Up | F29: Glendale, AZ (State Farm Stadium) | G29: =INDEX('#venues'!$A$2:$A$15,MATCH('#matches'!$F29,'#venues'!$B$2:$B$15,0)) -> 10 | H29: =INDEX('#venues'!$C$2:$C$15,MATCH('#matches'!$F29,'#venues'!$B$2:$B$15,0)) -> 0.29166667 | K29: 1D | L29: 2C | M29: ='#matches'!$C29+'#matches'!$H29 -> 45479.917
A30: 29 | B30: Semis | C30: 45482.833 | D30: Match 25 Winner | E30: Match 26 Winner | F30: East Rutherford, NJ (MetLife Stadium) | G30: =INDEX('#venues'!$A$2:$A$15,MATCH('#matches'!$F30,'#venues'!$B$2:$B$15,0)) -> 8 | H30: =INDEX('#venues'!$C$2:$C$15,MATCH('#matches'!$F30,'#venues'!$B$2:$B$15,0)) -> 0.16666667 | K30: W25 | L30: W26 | M30: ='#matches'!$C30+'#matches'!$H30 -> 45483
A31: 30 | C31: 45483.833 | D31: Match 27 Winner | E31: Match 28 Winner | F31: Charlotte, NC (Bank of America Stadium) | G31: =INDEX('#venues'!$A$2:$A$15,MATCH('#matches'!$F31,'#venues'!$B$2:$B$15,0)) -> 14 | H31: =INDEX('#venues'!$C$2:$C$15,MATCH('#matches'!$F31,'#venues'!$B$2:$B$15,0)) -> 0.16666667 | K31: W27 | L31: W28 | M31: ='#matches'!$C31+'#matches'!$H31 -> 45484
A32: 31 | B32: Third | C32: 45486.833 | D32: Match 29 Loser | E32: Match 30 Loser | F32: Charlotte, NC (Bank of America Stadium) | G32: =INDEX('#venues'!$A$2:$A$15,MATCH('#matches'!$F32,'#venues'!$B$2:$B$15,0)) -> 14 | H32: =INDEX('#venues'!$C$2:$C$15,MATCH('#matches'!$F32,'#venues'!$B$2:$B$15,0)) -> 0.16666667 | K32: L29 | L32: L30 | M32: ='#matches'!$C32+'#matches'!$H32 -> 45487
A33: 32 | B33: Final | C33: 45487.833 | D33: Match 29 Winner | E33: Match 30 Winner | F33: Miami, FL (Hard Rock Stadium) | G33: =INDEX('#venues'!$A$2:$A$15,MATCH('#matches'!$F33,'#venues'!$B$2:$B$15,0)) -> 5 | H33: =INDEX('#venues'!$C$2:$C$15,MATCH('#matches'!$F33,'#venues'!$B$2:$B$15,0)) -> 0.16666667 | K33: W29 | L33: W30 | M33: ='#matches'!$C33+'#matches'!$H33 -> 45488

Sheet #seeds
A1: seed | B1: team | C1: team.lower
A2: A1 | B2: ARG | C2: =LOWER('#seeds'!$B2) -> arg
A3: A2 | B3: PER | C3: =LOWER('#seeds'!$B3) -> per
A4: A3 | B4: CHI | C4: =LOWER('#seeds'!$B4) -> chi
A5: A4 | B5: CAN | C5: =LOWER('#seeds'!$B5) -> can
A6: B1 | B6: MEX | C6: =LOWER('#seeds'!$B6) -> mex
A7: B2 | B7: ECU | C7: =LOWER('#seeds'!$B7) -> ecu
A8: B3 | B8: VEN | C8: =LOWER('#seeds'!$B8) -> ven
A9: B4 | B9: JAM | C9: =LOWER('#seeds'!$B9) -> jam
A10: C1 | B10: USA | C10: =LOWER('#seeds'!$B10) -> usa
A11: C2 | B11: URU | C11: =LOWER('#seeds'!$B11) -> uru
A12: C3 | B12: PAN | C12: =LOWER('#seeds'!$B12) -> pan
A13: C4 | B13: BOL | C13: =LOWER('#seeds'!$B13) -> bol
... A17: D4 | B17: CRC | C17: =LOWER('#seeds'!$B17) -> crc

Sheet #teams
A1: key | B1: en
A2: alb | B2: Albania
A3: alg | B3: Algeria
A4: arg | B4: Argentina
A5: arm | B5: Armenia
A6: aus | B6: Australia
A7: aut | B7: Austria
A8: bah | B8: Bahrain
A9: blr | B9: Belarus
A10: bel | B10: Belgium
A11: bol | B11: Bolivia
A12: bah | B12: Bosnia a. Herzeg.
... A86: zam | B86: Zambia

Sheet #venues
A1: venue | B1: city | C1: tz
A2: 1 | B2: Atlanta, GA (Mercedes-Benz Stadium) | C2: =TIME(4,0,0) -> 0.16666667
A3: 2 | B3: Arlington, TX (AT&T Stadium) | C3: =TIME(5,0,0) -> 0.20833333
A4: 3 | B4: Santa Clara, CA (Levi's Stadium) | C4: =TIME(7,0,0) -> 0.29166667
A5: 4 | B5: Houston, TX (NRG Stadium) | C5: =TIME(5,0,0) -> 0.20833333
A6: 5 | B6: Miami, FL (Hard Rock Stadium) | C6: =TIME(4,0,0) -> 0.16666667
A7: 6 | B7: Inglewood, CA (SoFi Stadium) | C7: =TIME(7,0,0) -> 0.29166667
A8: 7 | B8: Kansas City, KS (Children's Mercy Park) | C8: =TIME(5,0,0) -> 0.20833333
A9: 8 | B9: East Rutherford, NJ (MetLife Stadium) | C9: =TIME(4,0,0) -> 0.16666667
A10: 9 | B10: Las Vegas, NV (Allegiant Stadium) | C10: =TIME(7,0,0) -> 0.29166667
A11: 10 | B11: Glendale, AZ (State Farm Stadium) | C11: =TIME(7,0,0) -> 0.29166667
A12: 11 | B12: Orlando, FL (Exploria Stadium) | C12: =TIME(4,0,0) -> 0.16666667
A13: 12 | B13: Austin, TX (Q2 Stadium) | C13: =TIME(5,0,0) -> 0.20833333
A14: 13 | B14: Kansas City, MO (Arrowhead Stadium) | C14: =TIME(5,0,0) -> 0.20833333
A15: 14 | B15: Charlotte, NC (Bank of America Stadium) | C15: =TIME(4,0,0) -> 0.16666667

Sheet #cities
A1: Atlanta, GA (Mercedes-Benz Stadium) | D1: {=_xlfn.UNIQUE(A1:A25)} -> Atlanta, GA (Mercedes-Benz Stadium) | H1: {=_xlfn.TEXTSPLIT(D1, " (")} -> Atlanta, GA | I1: Mercedes-Benz Stadium)
A2: Arlington, TX (AT&T Stadium) | D2: Arlington, TX (AT&T Stadium) | H2: {=_xlfn.TEXTSPLIT(D2, " (")} -> Arlington, TX | I2: AT&T Stadium)
A3: Santa Clara, CA (Levi's Stadium) | D3: Santa Clara, CA (Levi's Stadium) | H3: {=_xlfn.TEXTSPLIT(D3, " (")} -> Santa Clara, CA | I3: Levi's Stadium)
A4: Houston, TX (NRG Stadium) | D4: Houston, TX (NRG Stadium) | H4: {=_xlfn.TEXTSPLIT(D4, " (")} -> Houston, TX | I4: NRG Stadium)
A5: Arlington, TX (AT&T Stadium) | D5: Miami, FL (Hard Rock Stadium) | H5: {=_xlfn.TEXTSPLIT(D5, " (")} -> Miami, FL | I5: Hard Rock Stadium)
A6: Miami, FL (Hard Rock Stadium) | D6: Inglewood, CA (SoFi Stadium) | H6: {=_xlfn.TEXTSPLIT(D6, " (")} -> Inglewood, CA | I6: SoFi Stadium)
A7: Houston, TX (NRG Stadium) | D7: Kansas City, KS (Children's Mercy Park) | H7: {=_xlfn.TEXTSPLIT(D7, " (")} -> Kansas City, KS | I7: Children's Mercy Park)
A8: Inglewood, CA (SoFi Stadium) | D8: East Rutherford, NJ (MetLife Stadium) | H8: {=_xlfn.TEXTSPLIT(D8, " (")} -> East Rutherford, NJ | I8: MetLife Stadium)
A9: Kansas City, KS (Children's Mercy Park) | D9: Las Vegas, NV (Allegiant Stadium) | H9: {=_xlfn.TEXTSPLIT(D9, " (")} -> Las Vegas, NV | I9: Allegiant Stadium)
A10: East Rutherford, NJ (MetLife Stadium) | D10: Glendale, AZ (State Farm Stadium) | H10: {=_xlfn.TEXTSPLIT(D10, " (")} -> Glendale, AZ | I10: State Farm Stadium)
A11: Las Vegas, NV (Allegiant Stadium) | D11: Orlando, FL (Exploria Stadium) | H11: {=_xlfn.TEXTSPLIT(D11, " (")} -> Orlando, FL | I11: Exploria Stadium)
A12: Inglewood, CA (SoFi Stadium) | D12: Austin, TX (Q2 Stadium) | H12: {=_xlfn.TEXTSPLIT(D12, " (")} -> Austin, TX | I12: Q2 Stadium)
A13: Atlanta, GA (Mercedes-Benz Stadium) | D13: Kansas City, MO (Arrowhead Stadium) | H13: {=_xlfn.TEXTSPLIT(D13, " (")} -> Kansas City, MO | I13: Arrowhead Stadium)
A14: East Rutherford, NJ (MetLife Stadium) | D14: Charlotte, NC (Bank of America Stadium) | H14: {=_xlfn.TEXTSPLIT(D14, " (")} -> Charlotte, NC | I14: Bank of America Stadium)
A15: Glendale, AZ (State Farm Stadium)
A16: Las Vegas, NV (Allegiant Stadium)
A17: Miami, FL (Hard Rock Stadium)
A18: Orlando, FL (Exploria Stadium)
A19: Austin, TX (Q2 Stadium)
A20: Glendale, AZ (State Farm Stadium)
A21: Orlando, FL (Exploria Stadium)
A22: Kansas City, MO (Arrowhead Stadium)
A23: Austin, TX (Q2 Stadium)
A24: Santa Clara, CA (Levi's Stadium)
A25: Charlotte, NC (Bank of America Stadium)
